{"config":[5,9,9,4],"weights":[[[-0.14426763,0.30192375,-0.33760154,0.56687576,0.5898287,-0.074536264,-0.6543682,-0.8446751,0.044597864,0.4060799,0.09555614,0.13340633,0.22922766,0.67137265,0.9608935,0.6129314,-0.24052018,-0.38112265,-0.5038841,-0.12603956,-0.4028914,0.18523669,0.07864928,0.06674278,0.2717425,0.6340071,0.61368537,0.8703921,-0.38861758,0.5550103,-0.26274413,0.5074116,-0.7821254,0.049322072,-0.2819178,-0.54028326,-0.4513356,-0.5652218,0.50929916,-0.42176604],8,5],[[-0.8103107,0.8446312,-0.40203577,0.54887617,-0.44233263,0.31166792,-0.33348525,0.40876722,0.26672268,-0.712453,-0.21693909,-0.35327882,-0.7854557,0.43809295,0.59911966,-0.071552694,0.3788359,-0.4907685,0.7868428,0.63808143,-0.50622714,0.08628023,-0.8824939,0.24896917,0.63522625,-0.50140214,0.9587381,0.5064759,0.040097475,0.24041378,-0.12401252,0.10650039,-0.8819831,0.29062068,-0.26787168,0.45351043,-0.2870677,-0.24404618,0.8434694,0.30426964,0.31458378,-0.8161984,-0.12195361,0.8177855,-0.57765794,0.89029014,0.75471187,0.5454526,-0.2778288,0.5250077,-0.71220773,0.58331454,0.368407,-1.0235562,-0.057651043,0.6541481,0.49730933,0.23280966,0.9288963,0.42811918,-0.45282865,0.22473057,0.9463216,0.5010747,-0.30762756,-0.5731837,0.8379146,0.06879502,-0.23158616,-0.6971844,0.4713143,0.1294421],8,9],[[0.45169508,-0.31192523,-0.74151075,-0.40177822,0.9622052,0.47277915,-0.76076436,0.00037801266,-0.36617398,0.89722514,0.89538515,0.99763775,1.3664851,-0.09313524,-0.5705385,0.059523106,-0.4970879,0.06191349,0.61592185,0.63810134,-0.97980994,-0.673075,0.025918722,0.5754194,1.2249401,-0.1614248,0.8438246,-0.6717344,0.83650386,-2.2065213,-0.051995337,0.19302869,-0.9978042,0.5303961,-1.4841839,0.118329406],4,9]],"activ_func":"ReLU","mut_rate":0.04}