{"config":[6,7,7,4],"weights":[[[1.0073581,0.10285417,0.99449056,-0.3444486,0.6855302,0.27510634,-1.0100973,-0.6120519,2.5831788,-0.20424974,0.0436417,-1.3984715,-0.006550881,-0.4939134,0.11111599,0.90777147,0.3497712,0.1878394,1.5924022,0.4055183,0.13070123,-0.20338647,-0.3423283,0.0065261708,-3.129609,0.10328761,-0.04636088,-0.2210973,1.6255523,0.0877632,-1.0272317,-0.25930727,0.5464621,-0.6345097,0.36178154,0.11928975],6,6],[[0.70730317,-1.5186486,0.48550358,-0.07556238,0.30853745,0.28583515,-1.1104876,1.281638,-0.73964846,0.3207366,-0.2936539,-0.1681668,-0.5059147,-1.286904,1.3346463,-0.31040213,-1.2456195,-1.487566,-0.7792251,0.21069501,-0.58090514,-0.7379585,-0.76974285,0.84114456,-0.83502007,0.7163775,1.0413684,-0.0083767455,0.34308165,-0.07222111,1.0065539,-0.26538268,-2.956921,0.14103593,-0.16258997,1.608054,1.0216693,-1.1089768,0.1331676,1.0608563,-0.18297681,-0.42292616],6,7],[[0.06483343,1.0197396,0.3112982,0.9256023,0.92714655,0.0707627,-0.84999484,0.27492166,1.59565,-0.96241134,-0.83382475,-1.3709176,-0.12743561,0.77063257,0.32503816,0.53178865,0.36163366,-0.8444256,-0.54038405,1.0471557,-1.9363129,0.9999369,-0.7392465,0.18372212,-0.97619456,0.32837945,-1.3330086,2.2873125],4,7]],"activ_func":"ReLU","mut_rate":0.05}