{"config":[6,9,9,4],"weights":[[[0.3488082,-0.09199099,-0.11929926,-1.0631673,-0.23543529,0.12705088,-1.0842022,-1.1801648,1.3452269,-0.105297334,0.7070266,-0.49821422,-0.9919794,-0.4586555,0.38327622,1.2620807,-0.8927275,0.72946376,0.36548716,0.3453985,0.24704376,1.1178607,-0.73745847,-0.36780706,0.5647091,-0.29108286,1.710524,1.0728852,-0.8066526,-0.28913066,0.14346941,-1.0912626,0.36901304,0.7923526,-0.51800287,-0.72875357,0.8539478,-1.473583,0.68293977,0.18473642,0.0003245327,-0.58371824,0.48150238,0.3494165,-0.23288698,-1.0439657,-0.26875693,0.5452296],8,6],[[-2.3292994,-0.26192483,-0.90176463,2.324304,-1.9353858,-0.14891693,-0.52935755,0.76884156,0.1082592,-0.9176799,0.6898619,0.7002196,0.19165382,-0.00026388586,-2.0727108,-0.43361717,0.4825783,0.5469626,1.5679779,1.6802235,0.5569048,0.2322176,-1.2066526,0.7200245,-0.54737276,-0.15166411,0.19801892,0.040810376,1.3895321,-0.08859847,-1.2233515,-0.063391574,0.10386248,-1.1793425,0.47050527,-1.7380185,-1.7678633,0.42901033,-0.017297065,0.4843002,-1.3651237,-0.24331652,0.2636839,0.7167474,-1.2047871,2.1309357,-1.3384317,2.6571567,0.044456493,-1.8444118,-0.52083886,0.32806322,0.088446766,-0.009452653,0.20716749,-0.911177,-0.74860054,0.16590308,0.46789008,0.9035914,0.64725244,-0.30468005,0.27064824,0.39474502,2.02378,-1.4614658,-0.84020156,0.69931465,-0.51446456,0.24423209,1.2651527,-0.45960972],8,9],[[-0.585348,0.5383882,-0.97360545,0.032165576,-0.049561385,0.24148509,-0.8100511,-0.6426556,1.059696,0.85932785,0.6353762,-0.9978614,1.9525132,-0.10112733,-0.5321224,0.443344,-0.37738746,-0.99622214,-1.3957877,0.6381588,-0.47502336,1.0980062,0.047556207,-0.008916257,-0.8662841,-0.45772696,1.6571641,0.9795985,0.098027825,-1.6333683,0.58037895,1.2487193,-1.0500598,-0.44345784,-2.4462621,0.5654464],4,9]],"activ_func":"ReLU","mut_rate":0.05}