{"config":[6,7,7,4],"weights":[[[-0.63086957,-0.53742135,-0.9276433,-0.34575018,0.7992718,-1.715718,-0.73926973,-1.0049589,0.8922695,-0.89036644,-1.9465111,1.1345955,0.16628692,0.35796213,-0.19456862,1.2559475,-1.4939085,0.7122434,-0.35949436,0.59764737,1.3104885,-0.23108178,1.1664017,-0.562161,-1.0272486,0.71920836,-0.48468617,1.9857628,-1.5419438,0.7855448,0.7199551,-0.055748053,0.89273596,-1.5976299,0.67290825,1.321863],6,6],[[0.96074045,-1.3427482,-0.34363145,-0.467356,0.40982306,1.6549394,-0.98944664,1.3190286,1.114854,-1.9362743,1.4953789,-0.92963094,2.176349,-0.6917859,0.4418182,-0.578999,0.28320304,0.047711473,0.9644473,-0.27468953,-0.6578115,-1.835753,1.0188148,0.4024565,-0.283786,1.7134846,0.6505742,-0.47571746,-0.2544604,2.5863714,-0.3020923,1.8471942,-0.7066354,0.4471431,0.2741386,-1.7216014,-0.32693514,1.760901,0.20739792,-1.222214,1.7166008,2.3254254],6,7],[[-0.8019232,0.43523917,0.45905063,-1.0787292,0.94543713,1.4523034,1.061355,-0.3872152,-1.3330262,1.1092484,0.40466794,0.8725662,-0.5520403,-0.095518686,-0.03717842,0.44755453,-2.0717077,2.0572546,0.6617041,0.019890757,-0.9302492,-0.38139746,0.22157091,-1.4106625,-0.8257789,0.054379098,0.927862,1.8578752],4,7]],"activ_func":"ReLU","mut_rate":0.05}