{"config":[6,7,7,4],"weights":[[[0.35300237,0.4247243,-0.7875665,-1.6072044,1.5638344,1.0116522,0.91539335,0.72748256,0.10979596,0.916985,1.1620126,-0.879529,-0.008039723,-1.4823594,-0.7815808,-0.9131131,0.25484133,-0.8343034,-0.97603,0.5233137,-0.8282123,-0.20260507,0.8145971,0.688537,1.0713704,0.8801996,2.5356312,0.14526872,0.2973215,-1.1754538,0.007596435,0.3534879,-0.29665652,1.1665709,-1.9667246,-1.3233892],6,6],[[-0.52504927,1.3216119,1.0895479,0.84873104,0.64963293,-2.0617585,-0.24353297,2.0812314,-0.06842113,-1.2582295,2.5253322,-0.04738267,-0.14587633,0.37131867,-0.18781468,-2.2502813,2.5478582,0.04243115,1.1420923,0.5919767,0.5798261,0.43632478,0.5544543,0.14799483,-1.3338035,-0.23948197,0.9541234,0.7938923,0.30592227,-0.044575863,-1.4038266,-1.282537,0.9133283,-0.09069362,-1.2081418,-0.05495484,1.632303,1.0032419,1.1147637,0.46290535,-0.035745874,-1.9028112],6,7],[[-0.16735676,-0.28051043,-1.0052958,0.33411616,2.1245909,-0.4129878,1.1603845,1.0717844,-0.6117815,-0.6603155,0.82145613,-0.6706493,1.7019055,-1.4384344,-1.4858634,-0.5874535,1.6686711,0.2978619,-0.46680036,-0.41379213,-1.1143796,0.6741852,-0.6568759,0.20075007,0.050768528,-0.39008367,0.6281415,2.8667881],4,7]],"activ_func":"ReLU","mut_rate":0.05}