{"config":[6,7,7,4],"weights":[[[-0.5567123,0.23674688,-0.8115287,0.73920447,-0.9627226,0.98842543,-0.08672536,0.11889564,0.19367097,0.84720945,0.10916865,0.19691469,0.34381783,-1.1452736,-0.7501932,0.65345323,1.1373248,-0.2888124,0.288057,0.09440576,-0.061547264,0.35609803,0.14600815,0.4276784,-0.8315937,-0.5220405,-0.7070066,-0.41821334,0.88325745,1.179611,-0.38369912,0.8185778,0.1276589,0.11540664,-0.2861217,-0.88901085],6,6],[[0.64678603,0.11032932,-0.17325084,0.4482577,-0.4668608,-0.061782226,-0.23166645,-1.189321,0.38457078,-0.040191226,-1.0519018,0.53179306,-0.27904406,0.18169245,-0.028529042,0.4248598,0.6224678,-0.48197106,-0.8517104,0.626093,-0.53116995,0.74109083,-0.4775906,-0.6105986,-0.11459249,0.54738194,0.53385884,0.05052872,0.56253725,0.6168962,0.3087382,1.4871372,-0.058942188,-0.13154379,0.6763109,-0.72106224,-0.13756883,-0.10921177,-0.12797734,-0.12984648,0.47288033,0.06618643],6,7],[[0.24218078,0.1842654,0.27074534,0.50006706,0.9494213,-0.7030016,-0.1101043,0.5054117,0.18234585,-1.429309,-0.14925024,0.47471818,-1.079322,1.0112062,-0.5279594,-0.13144909,1.0667706,-0.85650563,0.076754875,1.3830073,-0.50329316,0.61952496,-0.94159657,-0.27969155,-0.6343474,0.08405438,1.0401202,-1.3237122],4,7]],"activ_func":"ReLU","mut_rate":0.05}